experiment_id,trial_id,case_id,case_index,composition,homogeneous_type,status,valid,invalid_reason,rule_set_version,persona_prompt_version,judge_criteria_version,indicator_version,brain_provider,brain_model,rounds,stop_reason,total_speeches,total_passes,total_skips,total_chars,valid_vote_count,abstain_count,top_vote_count,executed,executed_count,executed_final_roles,no_execution_reason,winner,village_correct,vote_concentration,final_entropy,convergence_round,correction_rate,deterioration_rate,mean_confidence_delta,plan_vote_mismatch_rate,elapsed_seconds,ai_wait_seconds,inference_calls,machine_name,village_vote_accuracy,pass_rate,speech_count_gini,decided_from_unknown_count
e-20260830-010837,e-20260830-010837-t001,e-20260830-010837-t001-c00,0,mixed,,done,true,,0.7,v2,v1,v1,ollama,gemma3:4b,6,all_pass,15,26,0,1318,8,0,4,p2|p8,2,villager|werewolf,,village,1,0.5,0.333333,,,,2.2857,0.4286,785.751,785.703,84,,0.6667,0.6341,0.3583,7
e-20260830-010837,e-20260830-010837-t001,e-20260830-010837-t001-c01,1,homogeneous,ISTJ,done,true,,0.7,v2,v1,v1,ollama,gemma3:4b,3,all_pass,2,21,0,110,8,0,6,p1,1,thief,,werewolf,0,0.75,0.0,,,,1.4,0.0,229.95,229.921,64,,0.1667,0.913,0.875,5
e-20260830-010837,e-20260830-010837-t001,e-20260830-010837-t001-c02,2,homogeneous,ISFJ,done,true,,0.7,v2,v1,v1,ollama,gemma3:4b,3,all_pass,13,5,0,1234,8,0,6,p8,1,werewolf,,village,1,0.75,0.0,1,,,2.375,0.25,128.636,128.599,48,,1.0,0.2778,0.1827,8
e-20260830-010837,e-20260830-010837-t001,e-20260830-010837-t001-c03,3,homogeneous,INFJ,done,true,,0.7,v2,v1,v1,ollama,gemma3:4b,6,all_pass,15,26,1,1454,8,0,4,p1,1,thief,,werewolf,0,0.5,0.0,,,,2.1667,0.6667,437.822,437.775,86,,0.3333,0.6341,0.4083,6
e-20260830-010837,e-20260830-010837-t001,e-20260830-010837-t001-c04,4,homogeneous,INTJ,done,true,,0.7,v2,v1,v1,ollama,gemma3:4b,6,max_rounds,14,27,1,1467,8,0,4,p8,1,werewolf,,village,1,0.5,0.0,,,,2.25,0.5,522.461,522.416,81,,0.6667,0.6585,0.5536,8
e-20260830-010837,e-20260830-010837-t001,e-20260830-010837-t001-c05,5,homogeneous,ISTP,done,true,,0.7,v2,v1,v1,ollama,gemma3:4b,6,max_rounds,17,24,0,1327,8,0,4,p1|p2,2,thief|villager,,werewolf,0,0.5,0.306099,5,,,1.8571,0.1429,289.647,289.602,75,,0.0,0.5854,0.4044,7
e-20260830-010837,e-20260830-010837-t001,e-20260830-010837-t001-c06,6,homogeneous,ISFP,done,true,,0.7,v2,v1,v1,ollama,gemma3:4b,3,all_pass,10,10,0,753,8,0,5,p8,1,werewolf,,village,1,0.625,0.333333,,,,2.6667,0.3333,195.457,195.428,62,,1.0,0.5,0.35,3
e-20260830-010837,e-20260830-010837-t001,e-20260830-010837-t001-c07,7,homogeneous,INFP,done,true,,0.7,v2,v1,v1,ollama,gemma3:4b,3,all_pass,15,2,0,1361,8,0,6,p3,1,villager,,werewolf,0,0.75,0.0,,,,1.8333,0.5,225.574,225.539,56,,0.0,0.1176,0.0583,6
e-20260830-010837,e-20260830-010837-t001,e-20260830-010837-t001-c08,8,homogeneous,INTP,done,true,,0.7,v2,v1,v1,ollama,gemma3:4b,3,all_pass,10,10,0,689,8,0,5,p1,1,thief,,werewolf,0,0.625,0.0,1,,,1.25,0.5,133.913,133.882,58,,0.0,0.5,0.35,4
e-20260830-010837,e-20260830-010837-t001,e-20260830-010837-t001-c09,9,homogeneous,ESTP,done,true,,0.7,v2,v1,v1,ollama,gemma3:4b,3,all_pass,15,2,0,1167,8,0,5,p8,1,werewolf,,village,1,0.625,0.0,2,,,2.25,0.25,186.503,186.468,61,,0.8333,0.1176,0.0583,4
e-20260830-010837,e-20260830-010837-t001,e-20260830-010837-t001-c10,10,homogeneous,ESFP,done,true,,0.7,v2,v1,v1,ollama,gemma3:4b,3,all_pass,15,1,1,1428,8,0,3,p1|p8,2,thief|werewolf,,village,1,0.375,0.0,,,,2.0,0.625,323.203,323.167,56,,0.5,0.0625,0.0583,8
e-20260830-010837,e-20260830-010837-t001,e-20260830-010837-t001-c11,11,homogeneous,ENFP,done,true,,0.7,v2,v1,v1,ollama,gemma3:4b,3,all_pass,13,6,0,1216,8,0,6,p3,1,villager,,werewolf,0,0.75,0.0,,,,2.1667,0.6667,265.798,265.768,56,,0.0,0.3158,0.1442,6
e-20260830-010837,e-20260830-010837-t001,e-20260830-010837-t001-c12,12,homogeneous,ENTP,done,true,,0.7,v2,v1,v1,ollama,gemma3:4b,3,all_pass,14,4,0,1379,8,0,5,p1,1,thief,,werewolf,0,0.625,0.528321,,,,2.0,0.75,153.5,153.469,58,,0.1667,0.2222,0.1071,4
e-20260830-010837,e-20260830-010837-t001,e-20260830-010837-t001-c13,13,homogeneous,ESTJ,done,true,,0.7,v2,v1,v1,ollama,gemma3:4b,3,all_pass,2,20,1,184,8,0,7,p1,1,thief,,werewolf,0,0.875,0.0,,,,1.1429,0.0,172.219,172.177,59,,0.0,0.9091,0.875,7
e-20260830-010837,e-20260830-010837-t001,e-20260830-010837-t001-c14,14,homogeneous,ESFJ,done,true,,0.7,v2,v1,v1,ollama,gemma3:4b,3,all_pass,12,7,0,1006,8,0,5,p1,1,thief,,werewolf,0,0.625,0.0,,,,2.2,1.0,149.854,149.823,55,,0.0,0.3684,0.2292,5
e-20260830-010837,e-20260830-010837-t001,e-20260830-010837-t001-c15,15,homogeneous,ENFJ,done,true,,0.7,v2,v1,v1,ollama,gemma3:4b,5,all_pass,15,19,0,1284,8,0,7,p7,1,werewolf,,village,1,0.875,0.270426,4,,,2.5,0.125,382.013,381.977,69,,1.0,0.5588,0.2583,8
e-20260830-010837,e-20260830-010837-t001,e-20260830-010837-t001-c16,16,homogeneous,ENTJ,done,true,,0.7,v2,v1,v1,ollama,gemma3:4b,3,all_pass,2,20,1,131,8,0,7,p1,1,thief,,werewolf,0,0.875,0.0,,,,1.25,0.125,261.782,261.747,58,,0.0,0.9091,0.875,8
e-20260830-010837,e-20260830-010837-t002,e-20260830-010837-t002-c00,0,mixed,,done,true,,0.7,v2,v1,v1,ollama,gemma3:4b,3,all_pass,9,10,1,655,8,0,6,p8,1,werewolf,,village,1,0.75,0.0,2,,,2.2,0.0,303.962,303.931,60,,1.0,0.5263,0.4306,5
e-20260830-010837,e-20260830-010837-t002,e-20260830-010837-t002-c01,1,homogeneous,ISTJ,done,true,,0.7,v2,v1,v1,ollama,gemma3:4b,6,max_rounds,23,17,1,2365,8,0,4,p2,1,villager,,werewolf,0,0.5,0.306099,6,,,2.125,1.0,392.307,392.265,74,,0.3333,0.425,0.212,8
e-20260830-010837,e-20260830-010837-t002,e-20260830-010837-t002-c02,2,homogeneous,ISFJ,done,true,,0.7,v2,v1,v1,ollama,gemma3:4b,3,all_pass,8,13,0,552,8,0,5,p8,1,werewolf,,village,1,0.625,0.306099,,,,2.0,0.6667,307.042,307.01,64,,1.0,0.619,0.4688,3
e-20260830-010837,e-20260830-010837-t002,e-20260830-010837-t002-c03,3,homogeneous,INFJ,done,true,,0.7,v2,v1,v1,ollama,gemma3:4b,5,all_pass,14,21,0,1252,8,0,5,p1,1,villager,,werewolf,0,0.625,0.240643,,,,2.1667,0.6667,340.856,340.816,79,,0.0,0.6,0.375,6
e-20260830-010837,e-20260830-010837-t002,e-20260830-010837-t002-c04,4,homogeneous,INTJ,done,true,,0.7,v2,v1,v1,ollama,gemma3:4b,3,all_pass,5,16,1,324,8,0,4,p8,1,werewolf,,village,1,0.5,0.333333,,,,1.5,0.5,271.366,271.332,67,,0.6667,0.7619,0.675,4
e-20260830-010837,e-20260830-010837-t002,e-20260830-010837-t002-c05,5,homogeneous,ISTP,done,true,,0.7,v2,v1,v1,ollama,gemma3:4b,6,max_rounds,13,31,0,970,8,0,5,p7,1,seer,,werewolf,0,0.625,0.0,,,,2.0,1.0,407.367,407.326,95,,0.3333,0.7045,0.5673,1
e-20260830-010837,e-20260830-010837-t002,e-20260830-010837-t002-c06,6,homogeneous,ISFP,done,true,,0.7,v2,v1,v1,ollama,gemma3:4b,6,max_rounds,16,26,0,1374,8,0,7,p4,1,thief,,werewolf,0,0.875,0.306099,4,,,2.25,0.625,344.222,344.18,77,,0.0,0.619,0.4688,8
e-20260830-010837,e-20260830-010837-t002,e-20260830-010837-t002-c07,7,homogeneous,INFP,done,true,,0.7,v2,v1,v1,ollama,gemma3:4b,3,all_pass,14,4,0,1277,8,0,5,p4,1,thief,,werewolf,0,0.625,0.0,,,,2.125,0.625,167.999,167.967,47,,0.0,0.2222,0.1071,8
e-20260830-010837,e-20260830-010837-t002,e-20260830-010837-t002-c08,8,homogeneous,INTP,done,true,,0.7,v2,v1,v1,ollama,gemma3:4b,3,all_pass,13,5,0,871,8,0,4,p8,1,werewolf,,village,1,0.5,0.0,,,,1.5,0.5,161.252,161.222,53,,0.6667,0.2778,0.1827,6
e-20260830-010837,e-20260830-010837-t002,e-20260830-010837-t002-c09,9,homogeneous,ESTP,done,true,,0.7,v2,v1,v1,ollama,gemma3:4b,3,all_pass,15,2,0,1416,8,0,4,p4,1,thief,,werewolf,0,0.5,0.306099,2,,,2.0,0.375,157.683,157.649,45,,0.1667,0.1176,0.0583,8
e-20260830-010837,e-20260830-010837-t002,e-20260830-010837-t002-c10,10,homogeneous,ESFP,done,true,,0.7,v2,v1,v1,ollama,gemma3:4b,3,all_pass,14,4,0,1518,8,0,5,p8,1,werewolf,,village,1,0.625,0.0,,,,2.0,0.625,156.046,156.017,48,,0.8333,0.2222,0.1071,8
e-20260830-010837,e-20260830-010837-t002,e-20260830-010837-t002-c11,11,homogeneous,ENFP,done,true,,0.7,v2,v1,v1,ollama,gemma3:4b,6,all_pass,17,24,0,1535,8,0,6,p1,1,villager,,werewolf,0,0.75,0.41721,,,,2.4,0.6,365.043,365.004,81,,0.0,0.5854,0.2279,5
e-20260830-010837,e-20260830-010837-t002,e-20260830-010837-t002-c12,12,homogeneous,ENTP,done,true,,0.7,v2,v1,v1,ollama,gemma3:4b,3,all_pass,14,4,0,1516,8,0,4,p8,1,werewolf,,village,1,0.5,0.0,,,,1.5,0.25,181.2,181.17,59,,0.6667,0.2222,0.1071,4
e-20260830-010837,e-20260830-010837-t002,e-20260830-010837-t002-c13,13,homogeneous,ESTJ,done,true,,0.7,v2,v1,v1,ollama,gemma3:4b,3,all_pass,13,5,1,1224,8,0,4,p4|p8,2,thief|werewolf,,village,1,0.5,0.0,1,,,2.25,0.25,209.879,209.846,57,,0.6667,0.2778,0.1442,4
e-20260830-010837,e-20260830-010837-t002,e-20260830-010837-t002-c14,14,homogeneous,ESFJ,done,true,,0.7,v2,v1,v1,ollama,gemma3:4b,3,all_pass,14,4,0,1153,8,0,4,p4,1,thief,,werewolf,0,0.5,0.0,,,,2.2857,0.7143,229.439,229.4,55,,0.1667,0.2222,0.1071,7
e-20260830-010837,e-20260830-010837-t002,e-20260830-010837-t002-c15,15,homogeneous,ENFJ,done,true,,0.7,v2,v1,v1,ollama,gemma3:4b,3,all_pass,13,6,0,1460,8,0,6,p5,1,werewolf,,village,1,0.75,0.0,,,,2.125,0.25,151.287,151.252,46,,1.0,0.3158,0.1442,8
e-20260830-010837,e-20260830-010837-t002,e-20260830-010837-t002-c16,16,homogeneous,ENTJ,done,true,,0.7,v2,v1,v1,ollama,gemma3:4b,3,all_pass,7,14,0,519,8,0,4,p8,1,werewolf,,village,1,0.5,0.0,,,,1.5,0.875,145.041,145.012,50,,0.8333,0.6667,0.5536,8
e-20260830-010837,e-20260830-010837-t003,e-20260830-010837-t003-c00,0,mixed,,done,true,,0.7,v2,v1,v1,ollama,gemma3:4b,3,all_pass,14,3,0,1077,8,0,7,p3,1,thief,,werewolf,0,0.875,0.0,,,0.0,2.5,0.5,203.195,203.162,61,,0.0,0.1765,0.125,2
e-20260830-010837,e-20260830-010837-t003,e-20260830-010837-t003-c01,1,homogeneous,ISTJ,done,true,,0.7,v2,v1,v1,ollama,gemma3:4b,6,all_pass,20,21,0,1804,8,0,4,p8,1,villager,,werewolf,0,0.5,0.306099,,,0.0,2.25,0.625,366.857,366.81,77,,0.5,0.5122,0.1875,7
e-20260830-010837,e-20260830-010837-t003,e-20260830-010837-t003-c02,2,homogeneous,ISFJ,done,true,,0.7,v2,v1,v1,ollama,gemma3:4b,6,all_pass,14,28,1,1174,8,0,7,p3,1,thief,,werewolf,0,0.875,0.5,,,1.0,2.0,0.6667,536.703,536.655,91,,0.0,0.6667,0.4821,5
e-20260830-010837,e-20260830-010837-t003,e-20260830-010837-t003-c03,3,homogeneous,INFJ,done,true,,0.7,v2,v1,v1,ollama,gemma3:4b,3,all_pass,8,12,0,719,8,0,4,p5,1,werewolf,,village,1,0.5,0.528321,,,,2.0,0.4286,128.617,128.584,55,,0.6667,0.6,0.5,7
e-20260830-010837,e-20260830-010837-t003,e-20260830-010837-t003-c04,4,homogeneous,INTJ,done,true,,0.7,v2,v1,v1,ollama,gemma3:4b,3,all_pass,7,14,0,490,8,0,4,p8,1,villager,,werewolf,0,0.5,0.0,,,0.0,0.6667,1.0,138.94,138.909,60,,0.3333,0.6667,0.5536,2
e-20260830-010837,e-20260830-010837-t003,e-20260830-010837-t003-c05,5,homogeneous,ISTP,done,true,,0.7,v2,v1,v1,ollama,gemma3:4b,3,all_pass,6,15,0,473,8,0,6,p5,1,werewolf,,village,1,0.75,0.306099,2,,0.0,1.875,0.0,124.811,124.781,50,,1.0,0.7143,0.625,7
e-20260830-010837,e-20260830-010837-t003,e-20260830-010837-t003-c06,6,homogeneous,ISFP,done,true,,0.7,v2,v1,v1,ollama,gemma3:4b,6,max_rounds,22,19,0,1821,8,0,7,p8,1,villager,,werewolf,0,0.875,0.41721,,,,2.375,0.875,335.513,335.467,73,,0.0,0.4634,0.2159,8
e-20260830-010837,e-20260830-010837-t003,e-20260830-010837-t003-c07,7,homogeneous,INFP,done,true,,0.7,v2,v1,v1,ollama,gemma3:4b,3,all_pass,14,4,0,1032,8,0,6,p5,1,werewolf,,village,1,0.75,0.0,2,,,2.5,0.0,137.315,137.286,54,,1.0,0.2222,0.1071,6
e-20260830-010837,e-20260830-010837-t003,e-20260830-010837-t003-c08,8,homogeneous,INTP,done,true,,0.7,v2,v1,v1,ollama,gemma3:4b,3,all_pass,12,6,0,984,8,0,6,p5,1,werewolf,,village,1,0.75,0.306099,2,,0.0,2.1429,0.0,324.698,324.666,56,,1.0,0.3333,0.25,6
e-20260830-010837,e-20260830-010837-t003,e-20260830-010837-t003-c09,9,homogeneous,ESTP,done,true,,0.7,v2,v1,v1,ollama,gemma3:4b,3,all_pass,15,2,0,1311,8,0,5,p5,1,werewolf,,village,1,0.625,0.333333,,,0.0,2.0,0.375,182.434,182.402,46,,0.8333,0.1176,0.0583,7
e-20260830-010837,e-20260830-010837-t003,e-20260830-010837-t003-c10,10,homogeneous,ESFP,done,true,,0.7,v2,v1,v1,ollama,gemma3:4b,6,all_pass,23,14,0,2123,8,0,4,p5,1,werewolf,,village,1,0.5,0.306099,,,0.0,2.25,0.125,377.154,377.114,70,,0.6667,0.3784,0.1685,7
e-20260830-010837,e-20260830-010837-t003,e-20260830-010837-t003-c11,11,homogeneous,ENFP,done,true,,0.7,v2,v1,v1,ollama,gemma3:4b,6,all_pass,24,14,1,2204,8,0,5,p3,1,thief,,werewolf,0,0.625,0.0,,,,2.25,0.625,514.738,514.694,77,,0.0,0.3684,0.0729,8
e-20260830-010837,e-20260830-010837-t003,e-20260830-010837-t003-c12,12,homogeneous,ENTP,done,true,,0.7,v2,v1,v1,ollama,gemma3:4b,6,max_rounds,22,17,0,2647,8,0,5,p1,1,seer,,werewolf,0,0.625,0.0,,,0.0,2.375,1.0,344.484,344.443,69,,0.0,0.4359,0.1591,7
e-20260830-010837,e-20260830-010837-t003,e-20260830-010837-t003-c13,13,homogeneous,ESTJ,done,true,,0.7,v2,v1,v1,ollama,gemma3:4b,3,all_pass,9,12,0,707,8,0,5,p5,1,werewolf,,village,1,0.625,0.0,1,,,2.1429,0.1429,164.655,164.622,59,,0.8333,0.5714,0.375,7
e-20260830-010837,e-20260830-010837-t003,e-20260830-010837-t003-c14,14,homogeneous,ESFJ,done,true,,0.7,v2,v1,v1,ollama,gemma3:4b,5,all_pass,17,15,2,1406,8,0,7,p5,1,werewolf,,village,1,0.875,0.0,1,,0.0,2.0,0.25,477.479,477.442,81,,1.0,0.4688,0.1985,3
e-20260830-010837,e-20260830-010837-t003,e-20260830-010837-t003-c15,15,homogeneous,ENFJ,done,true,,0.7,v2,v1,v1,ollama,gemma3:4b,3,all_pass,13,6,0,1360,8,0,6,p1,1,seer,,werewolf,0,0.75,0.456984,,,1.0,2.0,0.3333,234.136,234.103,54,,0.0,0.3158,0.1442,5
e-20260830-010837,e-20260830-010837-t003,e-20260830-010837-t003-c16,16,homogeneous,ENTJ,done,true,,0.7,v2,v1,v1,ollama,gemma3:4b,3,all_pass,14,4,0,1145,8,0,7,p5,1,werewolf,,village,1,0.875,0.486383,,,,3.0,0.0,213.171,213.138,65,,1.0,0.2222,0.1071,2
e-20260830-010837,e-20260830-010837-t004,e-20260830-010837-t004-c00,0,mixed,,done,true,,0.7,v2,v1,v1,ollama,gemma3:4b,5,all_pass,14,21,0,1625,8,0,5,p8,1,villager,,werewolf,0,0.625,0.0,,,,2.2,1.0,417.155,417.115,82,,0.0,0.6,0.3036,5
e-20260830-010837,e-20260830-010837-t004,e-20260830-010837-t004-c01,1,homogeneous,ISTJ,done,true,,0.7,v2,v1,v1,ollama,gemma3:4b,3,all_pass,13,6,0,1059,8,0,7,p1,1,villager,,werewolf,0,0.875,0.333333,,,,2.8,0.0,305.647,305.611,63,,0.0,0.3158,0.1442,5
e-20260830-010837,e-20260830-010837-t004,e-20260830-010837-t004-c02,2,homogeneous,ISFJ,done,true,,0.7,v2,v1,v1,ollama,gemma3:4b,6,all_pass,18,24,0,1538,8,0,6,p8,1,villager,,werewolf,0,0.75,0.0,,,,1.0,1.0,445.744,445.704,90,,0.0,0.5714,0.2361,4
e-20260830-010837,e-20260830-010837-t004,e-20260830-010837-t004-c03,3,homogeneous,INFJ,done,true,,0.7,v2,v1,v1,ollama,gemma3:4b,3,all_pass,5,16,1,420,8,0,5,p1,1,villager,,werewolf,0,0.625,0.0,,,,1.4,0.4,333.524,333.494,69,,0.0,0.7619,0.675,5
e-20260830-010837,e-20260830-010837-t004,e-20260830-010837-t004-c04,4,homogeneous,INTJ,done,true,,0.7,v2,v1,v1,ollama,gemma3:4b,3,all_pass,6,15,0,481,8,0,4,p1,1,villager,,werewolf,0,0.5,0.333333,,,,1.5,0.3333,231.508,231.475,63,,0.3333,0.7143,0.625,6
e-20260830-010837,e-20260830-010837-t004,e-20260830-010837-t004-c05,5,homogeneous,ISTP,done,true,,0.7,v2,v1,v1,ollama,gemma3:4b,3,all_pass,12,7,0,1086,8,0,5,p8,1,villager,,werewolf,0,0.625,0.0,,,,1.0,1.0,194.596,194.564,64,,0.0,0.3684,0.2292,1
e-20260830-010837,e-20260830-010837-t004,e-20260830-010837-t004-c06,6,homogeneous,ISFP,done,true,,0.7,v2,v1,v1,ollama,gemma3:4b,3,all_pass,10,10,0,839,8,0,5,p8,1,villager,,werewolf,0,0.625,0.528321,,,,,,246.655,246.613,68,,0.0,0.5,0.35,0
e-20260830-010837,e-20260830-010837-t004,e-20260830-010837-t004-c07,7,homogeneous,INFP,done,true,,0.7,v2,v1,v1,ollama,gemma3:4b,6,all_pass,19,20,0,1570,8,0,7,p8,1,villager,,werewolf,0,0.875,0.0,,,,,,234.678,234.636,84,,0.0,0.5128,0.2039,0
e-20260830-010837,e-20260830-010837-t004,e-20260830-010837-t004-c08,8,homogeneous,INTP,done,true,,0.7,v2,v1,v1,ollama,gemma3:4b,3,all_pass,12,8,0,891,8,0,6,p1,1,villager,,werewolf,0,0.75,0.333333,,,,0.0,0.0,316.358,316.318,69,,0.0,0.4,0.1667,1
e-20260830-010837,e-20260830-010837-t004,e-20260830-010837-t004-c09,9,homogeneous,ESTP,done,true,,0.7,v2,v1,v1,ollama,gemma3:4b,3,all_pass,14,4,0,1137,8,0,4,p1,1,villager,,werewolf,0,0.5,0.0,,,,2.125,0.625,157.711,157.678,48,,0.0,0.2222,0.1071,8
e-20260830-010837,e-20260830-010837-t004,e-20260830-010837-t004-c10,10,homogeneous,ESFP,done,true,,0.7,v2,v1,v1,ollama,gemma3:4b,3,all_pass,15,2,0,1262,8,0,7,p7,1,thief,,werewolf,0,0.875,0.0,,,,2.0,0.5,229.241,229.207,58,,0.0,0.1176,0.0583,6
e-20260830-010837,e-20260830-010837-t004,e-20260830-010837-t004-c11,11,homogeneous,ENFP,done,true,,0.7,v2,v1,v1,ollama,gemma3:4b,6,all_pass,19,21,0,1990,8,0,6,p8,1,villager,,werewolf,0,0.75,0.306099,,,,2.1429,1.0,418.581,418.538,77,,0.0,0.525,0.0987,7
e-20260830-010837,e-20260830-010837-t004,e-20260830-010837-t004-c12,12,homogeneous,ENTP,done,true,,0.7,v2,v1,v1,ollama,gemma3:4b,3,all_pass,12,7,0,1416,8,0,4,p8,1,villager,,werewolf,0,0.5,0.639432,,,,2.25,0.625,274.475,274.442,51,,0.0,0.3684,0.2292,8
e-20260830-010837,e-20260830-010837-t004,e-20260830-010837-t004-c13,13,homogeneous,ESTJ,done,true,,0.7,v2,v1,v1,ollama,gemma3:4b,3,all_pass,10,10,0,915,8,0,4,p2|p8,2,villager|villager,,werewolf,0,0.5,0.0,,,,,,263.976,263.943,68,,0.0,0.5,0.35,0
e-20260830-010837,e-20260830-010837-t004,e-20260830-010837-t004-c14,14,homogeneous,ESFJ,done,true,,0.7,v2,v1,v1,ollama,gemma3:4b,6,all_pass,22,17,0,2045,8,0,2,p1|p3|p8,3,villager|werewolf|villager,,village,1,0.25,0.306099,,,,2.5,0.875,435.082,435.03,81,,0.3333,0.4359,0.1932,8
e-20260830-010837,e-20260830-010837-t004,e-20260830-010837-t004-c15,15,homogeneous,ENFJ,done,true,,0.7,v2,v1,v1,ollama,gemma3:4b,3,all_pass,14,4,0,1102,8,0,5,p1,1,villager,,werewolf,0,0.625,0.5,,,,,,203.474,203.446,63,,0.0,0.2222,0.1071,0
e-20260830-010837,e-20260830-010837-t004,e-20260830-010837-t004-c16,16,homogeneous,ENTJ,done,true,,0.7,v2,v1,v1,ollama,gemma3:4b,3,all_pass,15,2,0,1217,8,0,5,p7,1,thief,,werewolf,0,0.625,0.333333,,,,3.0,0.0,139.924,139.895,60,,0.0,0.1176,0.0583,1
e-20260830-010837,e-20260830-010837-t005,e-20260830-010837-t005-c00,0,mixed,,done,true,,0.7,v2,v1,v1,ollama,gemma3:4b,5,all_pass,15,18,1,1612,8,0,7,p7,1,thief,,werewolf,0,0.875,0.240643,3,0.0,,1.875,0.125,411.317,411.28,67,,0.0,0.5455,0.2583,7
e-20260830-010837,e-20260830-010837-t005,e-20260830-010837-t005-c01,1,homogeneous,ISTJ,done,true,,0.7,v2,v1,v1,ollama,gemma3:4b,3,all_pass,2,21,0,151,8,0,4,p7,1,thief,,werewolf,0,0.5,0.0,,0.0,,1.5,1.0,179.863,179.831,66,,0.5,0.913,0.875,2
e-20260830-010837,e-20260830-010837-t005,e-20260830-010837-t005-c02,2,homogeneous,ISFJ,done,true,,0.7,v2,v1,v1,ollama,gemma3:4b,4,all_pass,7,23,0,646,8,0,5,p7,1,thief,,werewolf,0,0.625,0.0,2,,,2.0,0.7143,260.191,260.152,69,,0.1667,0.7667,0.5536,7
e-20260830-010837,e-20260830-010837-t005,e-20260830-010837-t005-c03,3,homogeneous,INFJ,done,true,,0.7,v2,v1,v1,ollama,gemma3:4b,3,all_pass,6,15,0,420,8,0,5,p8,1,werewolf,,village,1,0.625,0.0,,,,,,149.686,149.656,67,,0.8333,0.7143,0.625,0
e-20260830-010837,e-20260830-010837-t005,e-20260830-010837-t005-c04,4,homogeneous,INTJ,done,true,,0.7,v2,v1,v1,ollama,gemma3:4b,3,all_pass,8,12,0,716,8,0,4,p1,1,villager,,werewolf,0,0.5,0.0,,0.0,,1.25,0.5,183.528,183.493,62,,0.5,0.6,0.5,3
e-20260830-010837,e-20260830-010837-t005,e-20260830-010837-t005-c05,5,homogeneous,ISTP,done,true,,0.7,v2,v1,v1,ollama,gemma3:4b,6,all_pass,15,26,0,1060,8,0,5,p8,1,werewolf,,village,1,0.625,0.216674,3,0.0,,2.0,0.375,487.385,487.334,83,,0.8333,0.6341,0.275,7
e-20260830-010837,e-20260830-010837-t005,e-20260830-010837-t005-c06,6,homogeneous,ISFP,done,true,,0.7,v2,v1,v1,ollama,gemma3:4b,6,max_rounds,19,22,1,1959,8,0,5,p3,1,seer,,werewolf,0,0.625,0.270426,,,,2.375,0.875,393.538,393.495,79,,0.0,0.5366,0.3092,8
e-20260830-010837,e-20260830-010837-t005,e-20260830-010837-t005-c07,7,homogeneous,INFP,done,true,,0.7,v2,v1,v1,ollama,gemma3:4b,6,max_rounds,22,17,1,1857,8,0,3,p7,1,thief,,werewolf,0,0.375,0.0,1,,,2.1429,0.5714,434.114,434.075,79,,0.1667,0.4359,0.25,7
e-20260830-010837,e-20260830-010837-t005,e-20260830-010837-t005-c08,8,homogeneous,INTP,done,true,,0.7,v2,v1,v1,ollama,gemma3:4b,6,all_pass,13,28,1,1419,8,0,4,p8,1,werewolf,,village,1,0.5,0.333333,,0.0,,2.0,0.5,446.85,446.801,86,,0.5,0.6829,0.5673,3
e-20260830-010837,e-20260830-010837-t005,e-20260830-010837-t005-c09,9,homogeneous,ESTP,done,true,,0.7,v2,v1,v1,ollama,gemma3:4b,6,max_rounds,19,20,0,1592,8,0,4,p7,1,thief,,werewolf,0,0.5,0.5,,0.0,,2.0,0.5,408.828,408.787,78,,0.1667,0.5128,0.125,7
e-20260830-010837,e-20260830-010837-t005,e-20260830-010837-t005-c10,10,homogeneous,ESFP,done,true,,0.7,v2,v1,v1,ollama,gemma3:4b,3,all_pass,15,2,0,1196,8,0,5,p8,1,werewolf,,village,1,0.625,0.0,,,,1.75,0.75,203.05,203.022,58,,0.8333,0.1176,0.0583,4
e-20260830-010837,e-20260830-010837-t005,e-20260830-010837-t005-c11,11,homogeneous,ENFP,done,true,,0.7,v2,v1,v1,ollama,gemma3:4b,3,all_pass,14,4,0,1345,8,0,6,p8,1,werewolf,,village,1,0.75,0.640643,,,,2.125,0.125,235.287,235.257,49,,1.0,0.2222,0.1071,8
e-20260830-010837,e-20260830-010837-t005,e-20260830-010837-t005-c12,12,homogeneous,ENTP,done,true,,0.7,v2,v1,v1,ollama,gemma3:4b,6,max_rounds,25,15,0,2638,8,0,7,p6,1,werewolf,,village,1,0.875,0.0,2,1.0,,2.8571,0.0,358.272,358.231,75,,1.0,0.375,0.145,6
e-20260830-010837,e-20260830-010837-t005,e-20260830-010837-t005-c13,13,homogeneous,ESTJ,done,true,,0.7,v2,v1,v1,ollama,gemma3:4b,6,all_pass,20,19,0,1825,8,0,5,p8,1,werewolf,,village,1,0.625,0.0,,0.0,,2.125,0.75,280.384,280.339,69,,0.6667,0.4872,0.2625,7
e-20260830-010837,e-20260830-010837-t005,e-20260830-010837-t005-c14,14,homogeneous,ESFJ,done,true,,0.7,v2,v1,v1,ollama,gemma3:4b,6,max_rounds,20,21,0,2091,8,0,6,p8,1,werewolf,,village,1,0.75,0.0,,0.0,,2.25,0.625,287.928,287.888,71,,0.8333,0.5122,0.1875,7
e-20260830-010837,e-20260830-010837-t005,e-20260830-010837-t005-c15,15,homogeneous,ENFJ,done,true,,0.7,v2,v1,v1,ollama,gemma3:4b,5,all_pass,13,23,0,1362,8,0,4,p1,1,villager,,werewolf,0,0.5,0.528321,,0.0,,2.2857,1.0,410.645,410.606,76,,0.1667,0.6389,0.3365,6
e-20260830-010837,e-20260830-010837-t005,e-20260830-010837-t005-c16,16,homogeneous,ENTJ,done,true,,0.7,v2,v1,v1,ollama,gemma3:4b,3,all_pass,11,9,0,923,8,0,5,p8,1,werewolf,,village,1,0.625,0.0,,0.0,,1.5,0.5,258.482,258.452,65,,0.8333,0.45,0.2614,1
e-20260830-010837,e-20260830-010837-t006,e-20260830-010837-t006-c00,0,mixed,,done,true,,0.7,v2,v1,v1,ollama,gemma3:4b,6,all_pass,19,22,0,2018,8,0,5,p6,1,thief,,werewolf,0,0.625,0.287707,1,,,2.375,0.25,278.214,278.165,69,,0.1667,0.5366,0.1908,8
e-20260830-010837,e-20260830-010837-t006,e-20260830-010837-t006-c01,1,homogeneous,ISTJ,done,true,,0.7,v2,v1,v1,ollama,gemma3:4b,3,all_pass,9,11,0,719,8,0,6,p6,1,thief,,werewolf,0,0.75,0.333333,,,,2.1667,0.3333,161.103,161.069,56,,0.0,0.55,0.4306,6
e-20260830-010837,e-20260830-010837-t006,e-20260830-010837-t006-c02,2,homogeneous,ISFJ,done,true,,0.7,v2,v1,v1,ollama,gemma3:4b,5,all_pass,14,20,1,1284,8,0,7,p8,1,villager,,werewolf,0,0.875,0.333333,,,,3.0,0.0,356.067,356.029,83,,0.0,0.5882,0.3036,1
e-20260830-010837,e-20260830-010837-t006,e-20260830-010837-t006-c03,3,homogeneous,INFJ,done,true,,0.7,v2,v1,v1,ollama,gemma3:4b,3,all_pass,6,15,0,458,8,0,4,p6,1,thief,,werewolf,0,0.5,0.0,,,,2.0,0.5,187.819,187.773,64,,0.0,0.7143,0.625,2
e-20260830-010837,e-20260830-010837-t006,e-20260830-010837-t006-c04,4,homogeneous,INTJ,done,true,,0.7,v2,v1,v1,ollama,gemma3:4b,6,all_pass,15,27,0,1380,8,0,5,p8,1,villager,,werewolf,0,0.625,0.0,,,,2.25,0.875,546.14,546.09,85,,0.0,0.6429,0.4583,8
e-20260830-010837,e-20260830-010837-t006,e-20260830-010837-t006-c05,5,homogeneous,ISTP,done,true,,0.7,v2,v1,v1,ollama,gemma3:4b,6,all_pass,16,25,0,1137,8,0,7,p1,1,villager,,werewolf,0,0.875,0.0,,,,1.8333,0.0,289.353,289.31,82,,0.0,0.6098,0.4844,6
e-20260830-010837,e-20260830-010837-t006,e-20260830-010837-t006-c06,6,homogeneous,ISFP,done,true,,0.7,v2,v1,v1,ollama,gemma3:4b,6,max_rounds,15,27,0,1405,8,0,6,p1,1,villager,,werewolf,0,0.75,0.0,6,,,2.0,0.6667,336.835,336.789,90,,0.0,0.6429,0.525,3
e-20260830-010837,e-20260830-010837-t006,e-20260830-010837-t006-c07,7,homogeneous,INFP,done,true,,0.7,v2,v1,v1,ollama,gemma3:4b,5,all_pass,13,22,0,1372,8,0,5,p8,1,villager,,werewolf,0,0.625,0.0,,,,2.2857,0.5714,337.587,337.548,70,,0.3333,0.6286,0.2981,7
e-20260830-010837,e-20260830-010837-t006,e-20260830-010837-t006-c08,8,homogeneous,INTP,done,true,,0.7,v2,v1,v1,ollama,gemma3:4b,3,all_pass,13,6,0,1223,8,0,7,p8,1,villager,,werewolf,0,0.875,0.0,,,,2.1429,0.8571,241.364,241.327,61,,0.0,0.3158,0.1442,7
e-20260830-010837,e-20260830-010837-t006,e-20260830-010837-t006-c09,9,homogeneous,ESTP,done,true,,0.7,v2,v1,v1,ollama,gemma3:4b,6,max_rounds,20,20,0,2128,8,0,7,p1,1,villager,,werewolf,0,0.875,0.287707,2,,,2.125,0.0,340.87,340.825,71,,0.0,0.5,0.2125,8
e-20260830-010837,e-20260830-010837-t006,e-20260830-010837-t006-c10,10,homogeneous,ESFP,done,true,,0.7,v2,v1,v1,ollama,gemma3:4b,3,all_pass,15,2,0,1156,8,0,7,p8,1,villager,,werewolf,0,0.875,0.0,,0.0,,1.0,0.0,145.432,145.401,59,,0.0,0.1176,0.0583,2
e-20260830-010837,e-20260830-010837-t006,e-20260830-010837-t006-c11,11,homogeneous,ENFP,done,true,,0.7,v2,v1,v1,ollama,gemma3:4b,3,all_pass,14,3,1,1385,8,0,4,p1,1,villager,,werewolf,0,0.5,0.333333,,,,2.1429,1.0,271.731,271.702,55,,0.0,0.1765,0.1071,7
e-20260830-010837,e-20260830-010837-t006,e-20260830-010837-t006-c12,12,homogeneous,ENTP,done,true,,0.7,v2,v1,v1,ollama,gemma3:4b,5,all_pass,14,20,1,1542,8,0,6,p1,1,villager,,werewolf,0,0.75,0.270426,4,,,2.5714,0.2857,469.843,469.807,77,,0.0,0.5882,0.3036,7
e-20260830-010837,e-20260830-010837-t006,e-20260830-010837-t006-c13,13,homogeneous,ESTJ,done,true,,0.7,v2,v1,v1,ollama,gemma3:4b,6,all_pass,23,16,0,2520,8,0,6,p8,1,villager,,werewolf,0,0.75,0.0,,,,0.8571,0.2857,494.93,494.881,80,,0.1667,0.4103,0.1033,7
e-20260830-010837,e-20260830-010837-t006,e-20260830-010837-t006-c14,14,homogeneous,ESFJ,done,true,,0.7,v2,v1,v1,ollama,gemma3:4b,3,all_pass,14,4,0,1125,8,0,4,p1,1,villager,,werewolf,0,0.5,0.0,,,,2.25,0.375,244.087,244.058,52,,0.0,0.2222,0.1071,8
e-20260830-010837,e-20260830-010837-t006,e-20260830-010837-t006-c15,15,homogeneous,ENFJ,done,true,,0.7,v2,v1,v1,ollama,gemma3:4b,3,all_pass,13,5,0,1200,8,0,7,p8,1,villager,,werewolf,0,0.875,0.0,,,,2.3333,0.6667,213.283,213.242,61,,0.0,0.2778,0.1827,3
e-20260830-010837,e-20260830-010837-t006,e-20260830-010837-t006-c16,16,homogeneous,ENTJ,done,true,,0.7,v2,v1,v1,ollama,gemma3:4b,3,all_pass,14,4,0,1425,8,0,4,p1|p6,2,villager|thief,,werewolf,0,0.5,0.0,,,,2.0,0.75,169.942,169.912,48,,0.0,0.2222,0.1071,8
e-20260830-010837,e-20260830-010837-t007,e-20260830-010837-t007-c00,0,mixed,,done,true,,0.7,v2,v1,v1,ollama,gemma3:4b,3,all_pass,13,5,0,1279,8,0,7,p8,1,villager,,werewolf,0,0.875,0.528321,,0.0,,2.0,0.125,237.557,237.529,52,,0.0,0.2778,0.1827,7
e-20260830-010837,e-20260830-010837-t007,e-20260830-010837-t007-c01,1,homogeneous,ISTJ,done,true,,0.7,v2,v1,v1,ollama,gemma3:4b,6,all_pass,13,28,2,997,8,0,6,p8,1,villager,,werewolf,0,0.75,0.333333,,,0.0,1.0,1.0,607.542,607.493,93,,0.0,0.6829,0.4519,3
e-20260830-010837,e-20260830-010837-t007,e-20260830-010837-t007-c02,2,homogeneous,ISFJ,done,true,,0.7,v2,v1,v1,ollama,gemma3:4b,3,all_pass,8,11,1,675,8,0,4,p2,1,werewolf,,village,1,0.5,0.528321,,1.0,,2.0,0.6,241.979,241.945,63,,0.6667,0.5789,0.5,4
e-20260830-010837,e-20260830-010837-t007,e-20260830-010837-t007-c03,3,homogeneous,INFJ,done,true,,0.7,v2,v1,v1,ollama,gemma3:4b,6,max_rounds,15,27,0,1417,8,0,6,p3,1,thief,,werewolf,0,0.75,0.306099,5,0.0,,2.875,0.25,408.612,408.566,79,,0.1667,0.6429,0.525,7
e-20260830-010837,e-20260830-010837-t007,e-20260830-010837-t007-c04,4,homogeneous,INTJ,done,true,,0.7,v2,v1,v1,ollama,gemma3:4b,6,all_pass,16,25,0,1341,8,0,5,p3,1,thief,,werewolf,0,0.625,0.0,2,,1.0,2.4286,0.4286,382.035,381.983,81,,0.0,0.6098,0.4688,6
e-20260830-010837,e-20260830-010837-t007,e-20260830-010837-t007-c05,5,homogeneous,ISTP,done,true,,0.7,v2,v1,v1,ollama,gemma3:4b,6,all_pass,20,20,0,1673,8,0,6,p8,1,villager,,werewolf,0,0.75,0.5,,0.0,,2.0,1.0,305.748,305.698,71,,0.3333,0.5,0.3125,7
e-20260830-010837,e-20260830-010837-t007,e-20260830-010837-t007-c06,6,homogeneous,ISFP,done,true,,0.7,v2,v1,v1,ollama,gemma3:4b,3,all_pass,7,13,1,634,8,0,4,p2,1,werewolf,,village,1,0.5,0.0,2,,0.0,2.0,0.6,288.199,288.168,63,,0.6667,0.65,0.5536,5
e-20260830-010837,e-20260830-010837-t007,e-20260830-010837-t007-c07,7,homogeneous,INFP,done,true,,0.7,v2,v1,v1,ollama,gemma3:4b,3,all_pass,12,6,1,1256,8,0,4,p8,1,villager,,werewolf,0,0.5,0.0,,1.0,,2.25,0.875,222.604,222.574,55,,0.1667,0.3333,0.2292,7
e-20260830-010837,e-20260830-010837-t007,e-20260830-010837-t007-c08,8,homogeneous,INTP,done,true,,0.7,v2,v1,v1,ollama,gemma3:4b,3,all_pass,8,12,0,721,8,0,4,p2,1,werewolf,,village,1,0.5,0.0,2,,0.0,1.75,0.5,249.899,249.866,62,,0.6667,0.6,0.5,4
e-20260830-010837,e-20260830-010837-t007,e-20260830-010837-t007-c09,9,homogeneous,ESTP,done,true,,0.7,v2,v1,v1,ollama,gemma3:4b,6,all_pass,25,12,0,2224,8,0,4,p4,1,seer,,werewolf,0,0.5,0.0,,,0.0,2.125,0.875,304.493,304.454,68,,0.1667,0.3243,0.135,7
e-20260830-010837,e-20260830-010837-t007,e-20260830-010837-t007-c10,10,homogeneous,ESFP,done,true,,0.7,v2,v1,v1,ollama,gemma3:4b,4,all_pass,16,8,0,1399,8,0,5,p2,1,werewolf,,village,1,0.625,0.306099,2,0.0,,2.5,0.5,201.727,201.696,67,,0.8333,0.3333,0.0,2
e-20260830-010837,e-20260830-010837-t007,e-20260830-010837-t007-c11,11,homogeneous,ENFP,done,true,,0.7,v2,v1,v1,ollama,gemma3:4b,5,all_pass,17,15,0,1389,8,0,4,p8,1,villager,,werewolf,0,0.5,0.270426,,,0.0,3.0,0.6667,337.441,337.403,75,,0.3333,0.4688,0.0515,3
e-20260830-010837,e-20260830-010837-t007,e-20260830-010837-t007-c12,12,homogeneous,ENTP,done,true,,0.7,v2,v1,v1,ollama,gemma3:4b,6,all_pass,24,13,1,2495,8,0,5,p2,1,werewolf,,village,1,0.625,0.197224,1,,0.0,2.375,0.375,446.369,446.321,73,,0.8333,0.3514,0.125,7
e-20260830-010837,e-20260830-010837-t007,e-20260830-010837-t007-c13,13,homogeneous,ESTJ,done,true,,0.7,v2,v1,v1,ollama,gemma3:4b,3,all_pass,13,5,0,1233,8,0,7,p8,1,villager,,werewolf,0,0.875,0.333333,,1.0,,2.25,0.875,255.824,255.792,52,,0.1667,0.2778,0.1827,7
e-20260830-010837,e-20260830-010837-t007,e-20260830-010837-t007-c14,14,homogeneous,ESFJ,done,true,,0.7,v2,v1,v1,ollama,gemma3:4b,6,all_pass,21,18,0,1681,8,0,6,p2,1,werewolf,,village,1,0.75,0.0,2,1.0,,2.4286,0.1429,334.66,334.618,73,,1.0,0.4615,0.1369,6
e-20260830-010837,e-20260830-010837-t007,e-20260830-010837-t007-c15,15,homogeneous,ENFJ,done,true,,0.7,v2,v1,v1,ollama,gemma3:4b,6,all_pass,16,25,1,1471,8,0,7,p2,1,werewolf,,village,1,0.875,0.306099,5,1.0,,1.875,0.125,433.568,433.524,78,,1.0,0.6098,0.3594,6
e-20260830-010837,e-20260830-010837-t007,e-20260830-010837-t007-c16,16,homogeneous,ENTJ,done,true,,0.7,v2,v1,v1,ollama,gemma3:4b,5,all_pass,12,25,0,1495,8,0,6,p2,1,werewolf,,village,1,0.75,0.0,1,1.0,,2.375,0.125,314.21,314.175,68,,1.0,0.6757,0.3542,7
e-20260830-010837,e-20260830-010837-t008,e-20260830-010837-t008-c00,0,mixed,,done,true,,0.7,v2,v1,v1,ollama,gemma3:4b,6,max_rounds,16,21,6,1534,8,0,5,p8,1,werewolf,,village,1,0.625,0.333333,,0.0,,2.25,0.75,863.065,862.95,94,,0.6667,0.5676,0.3438,7
e-20260830-010837,e-20260830-010837-t008,e-20260830-010837-t008-c01,1,homogeneous,ISTJ,done,true,,0.7,v2,v1,v1,ollama,gemma3:4b,6,max_rounds,22,17,0,1954,8,0,5,p1,1,villager,,werewolf,0,0.625,0.306099,,,,2.125,0.875,283.224,283.18,72,,0.0,0.4359,0.25,8
e-20260830-010837,e-20260830-010837-t008,e-20260830-010837-t008-c02,2,homogeneous,ISFJ,done,true,,0.7,v2,v1,v1,ollama,gemma3:4b,3,all_pass,10,10,0,884,8,0,5,p8,1,werewolf,,village,1,0.625,0.0,2,,,2.6667,0.0,218.769,218.735,54,,1.0,0.5,0.35,6
e-20260830-010837,e-20260830-010837-t008,e-20260830-010837-t008-c03,3,homogeneous,INFJ,done,true,,0.7,v2,v1,v1,ollama,gemma3:4b,6,all_pass,18,19,3,1282,8,0,5,p8,1,werewolf,,village,1,0.625,0.5,,,,2.0,0.6667,493.26,493.211,91,,0.8333,0.5135,0.1806,3
e-20260830-010837,e-20260830-010837-t008,e-20260830-010837-t008-c04,4,homogeneous,INTJ,done,true,,0.7,v2,v1,v1,ollama,gemma3:4b,3,all_pass,9,11,0,926,8,0,4,p8,1,werewolf,,village,1,0.5,0.306099,,,,2.125,0.5,258.591,258.552,57,,1.0,0.55,0.4306,8
e-20260830-010837,e-20260830-010837-t008,e-20260830-010837-t008-c05,5,homogeneous,ISTP,done,true,,0.7,v2,v1,v1,ollama,gemma3:4b,6,max_rounds,19,21,0,1628,8,0,6,p8,1,werewolf,,village,1,0.75,0.0,,,,2.375,0.875,396.728,396.689,77,,0.8333,0.525,0.1908,8
e-20260830-010837,e-20260830-010837-t008,e-20260830-010837-t008-c06,6,homogeneous,ISFP,done,true,,0.7,v2,v1,v1,ollama,gemma3:4b,6,max_rounds,13,30,0,1190,8,0,5,p1,1,villager,,werewolf,0,0.625,0.0,4,,,2.6667,0.3333,396.213,396.168,87,,0.5,0.6977,0.5288,3
e-20260830-010837,e-20260830-010837-t008,e-20260830-010837-t008-c07,7,homogeneous,INFP,done,true,,0.7,v2,v1,v1,ollama,gemma3:4b,6,all_pass,20,20,0,2275,8,0,4,p1,1,villager,,werewolf,0,0.5,0.0,,,,2.5714,0.7143,354.306,354.264,75,,0.1667,0.5,0.1375,7
e-20260830-010837,e-20260830-010837-t008,e-20260830-010837-t008-c08,8,homogeneous,INTP,done,true,,0.7,v2,v1,v1,ollama,gemma3:4b,3,all_pass,10,10,0,793,8,0,4,p1|p8,2,villager|werewolf,,village,1,0.5,0.41721,,,,2.3333,0.3333,188.347,188.318,55,,0.6667,0.5,0.35,6
e-20260830-010837,e-20260830-010837-t008,e-20260830-010837-t008-c09,9,homogeneous,ESTP,done,true,,0.7,v2,v1,v1,ollama,gemma3:4b,6,all_pass,25,13,1,2325,8,0,5,p1,1,villager,,werewolf,0,0.625,0.382945,,,,2.25,0.25,439.036,438.995,74,,0.0,0.3421,0.135,8
e-20260830-010837,e-20260830-010837-t008,e-20260830-010837-t008-c10,10,homogeneous,ESFP,done,true,,0.7,v2,v1,v1,ollama,gemma3:4b,3,all_pass,15,2,0,1270,8,0,7,p8,1,werewolf,,village,1,0.875,0.270426,2,1.0,,2.3333,0.0,176.939,176.911,58,,1.0,0.1176,0.0583,2
e-20260830-010837,e-20260830-010837-t008,e-20260830-010837-t008-c11,11,homogeneous,ENFP,done,true,,0.7,v2,v1,v1,ollama,gemma3:4b,6,max_rounds,18,24,0,2123,8,0,7,p5,1,werewolf,,village,1,0.875,0.0,1,,,2.5,0.125,362.276,362.232,74,,1.0,0.5714,0.2917,8
e-20260830-010837,e-20260830-010837-t008,e-20260830-010837-t008-c12,12,homogeneous,ENTP,done,true,,0.7,v2,v1,v1,ollama,gemma3:4b,6,all_pass,21,16,2,2216,8,0,6,p4,1,villager,,werewolf,0,0.75,0.0,3,,,2.375,1.0,600.72,600.673,83,,0.0,0.4324,0.1369,8
e-20260830-010837,e-20260830-010837-t008,e-20260830-010837-t008-c13,13,homogeneous,ESTJ,done,true,,0.7,v2,v1,v1,ollama,gemma3:4b,3,all_pass,14,3,0,1485,8,0,4,p8,1,werewolf,,village,1,0.5,0.0,,,,2.5,0.375,180.145,180.117,48,,0.6667,0.1765,0.125,8
e-20260830-010837,e-20260830-010837-t008,e-20260830-010837-t008-c14,14,homogeneous,ESFJ,done,true,,0.7,v2,v1,v1,ollama,gemma3:4b,3,all_pass,13,5,0,1085,8,0,5,p8,1,werewolf,,village,1,0.625,0.0,,,,1.6667,0.3333,227.105,227.076,58,,0.8333,0.2778,0.1827,3
e-20260830-010837,e-20260830-010837-t008,e-20260830-010837-t008-c15,15,homogeneous,ENFJ,done,true,,0.7,v2,v1,v1,ollama,gemma3:4b,3,all_pass,12,6,0,1061,8,0,5,p6,1,thief,,werewolf,0,0.625,0.0,,,,2.5,0.0,187.079,187.05,61,,0.1667,0.3333,0.25,2
e-20260830-010837,e-20260830-010837-t008,e-20260830-010837-t008-c16,16,homogeneous,ENTJ,done,true,,0.7,v2,v1,v1,ollama,gemma3:4b,6,max_rounds,20,21,1,2136,8,0,6,p5,1,werewolf,,village,1,0.75,0.486383,3,,,2.0,0.625,707.717,707.675,89,,1.0,0.5122,0.275,8
e-20260830-010837,e-20260830-010837-t009,e-20260830-010837-t009-c00,0,mixed,,done,true,,0.7,v2,v1,v1,ollama,gemma3:4b,3,all_pass,12,7,0,909,8,0,6,p1,1,werewolf,,village,1,0.75,0.0,1,1.0,,2.0,0.2857,297.202,297.178,57,,1.0,0.3684,0.2292,6
e-20260830-010837,e-20260830-010837-t009,e-20260830-010837-t009-c01,1,homogeneous,ISTJ,done,true,,0.7,v2,v1,v1,ollama,gemma3:4b,6,all_pass,14,29,0,1373,8,0,3,p1|p4,2,werewolf|werewolf,,village,1,0.375,0.306099,5,1.0,,2.0,0.5,376.216,376.19,80,,1.0,0.6744,0.5179,7
e-20260830-010837,e-20260830-010837-t009,e-20260830-010837-t009-c02,2,homogeneous,ISFJ,done,true,,0.7,v2,v1,v1,ollama,gemma3:4b,3,all_pass,7,13,1,599,8,0,4,p4,1,werewolf,,village,1,0.5,0.0,,1.0,,2.0,0.75,231.013,230.986,62,,1.0,0.65,0.5536,3
e-20260830-010837,e-20260830-010837-t009,e-20260830-010837-t009-c03,3,homogeneous,INFJ,done,true,,0.7,v2,v1,v1,ollama,gemma3:4b,5,all_pass,10,24,2,766,8,0,5,p2,1,thief,,werewolf,0,0.625,0.0,2,1.0,,2.0,0.6,493.312,493.276,81,,0.1667,0.7059,0.55,4
e-20260830-010837,e-20260830-010837-t009,e-20260830-010837-t009-c04,4,homogeneous,INTJ,done,true,,0.7,v2,v1,v1,ollama,gemma3:4b,3,all_pass,9,11,0,843,8,0,7,p1,1,werewolf,,village,1,0.875,0.240643,2,1.0,,2.1429,0.1429,123.409,123.379,51,,1.0,0.55,0.4306,6
e-20260830-010837,e-20260830-010837-t009,e-20260830-010837-t009-c05,5,homogeneous,ISTP,done,true,,0.7,v2,v1,v1,ollama,gemma3:4b,2,all_pass,1,15,0,85,8,0,3,p1,1,werewolf,,village,1,0.375,0.0,,1.0,,0.8333,0.3333,95.034,95.005,48,,0.5,0.9375,0.875,5
e-20260830-010837,e-20260830-010837-t009,e-20260830-010837-t009-c06,6,homogeneous,ISFP,done,true,,0.7,v2,v1,v1,ollama,gemma3:4b,3,all_pass,6,16,0,487,8,0,5,p4,1,werewolf,,village,1,0.625,0.0,1,1.0,,3.0,0.2857,255.201,255.173,58,,1.0,0.7273,0.5833,6
e-20260830-010837,e-20260830-010837-t009,e-20260830-010837-t009-c07,7,homogeneous,INFP,done,true,,0.7,v2,v1,v1,ollama,gemma3:4b,3,all_pass,8,13,0,632,8,0,7,p2,1,thief,,werewolf,0,0.875,0.507309,,1.0,,1.8333,0.6667,205.539,205.502,59,,0.1667,0.619,0.4688,5
e-20260830-010837,e-20260830-010837-t009,e-20260830-010837-t009-c08,8,homogeneous,INTP,done,true,,0.7,v2,v1,v1,ollama,gemma3:4b,6,max_rounds,10,34,0,350,8,0,4,p2,1,thief,,werewolf,0,0.5,0.0,,1.0,,1.75,0.75,353.271,353.228,85,,0.1667,0.7727,0.675,7
e-20260830-010837,e-20260830-010837-t009,e-20260830-010837-t009-c09,9,homogeneous,ESTP,done,true,,0.7,v2,v1,v1,ollama,gemma3:4b,6,all_pass,22,15,0,2248,8,0,6,p4,1,werewolf,,village,1,0.75,0.270426,1,1.0,,2.625,0.25,397.007,396.903,70,,1.0,0.4054,0.1705,7
e-20260830-010837,e-20260830-010837-t009,e-20260830-010837-t009-c10,10,homogeneous,ESFP,done,true,,0.7,v2,v1,v1,ollama,gemma3:4b,3,all_pass,13,6,0,1031,8,0,4,p4|p8,2,werewolf|villager,,village,1,0.5,0.270426,1,1.0,,2.8571,0.4286,482.343,482.316,65,,0.6667,0.3158,0.1442,6
e-20260830-010837,e-20260830-010837-t009,e-20260830-010837-t009-c11,11,homogeneous,ENFP,done,true,,0.7,v2,v1,v1,ollama,gemma3:4b,3,all_pass,13,6,0,1405,8,0,7,p2,1,thief,,werewolf,0,0.875,0.216674,2,0.0,,2.625,0.0,191.416,191.392,49,,0.1667,0.3158,0.1442,7
e-20260830-010837,e-20260830-010837-t009,e-20260830-010837-t009-c12,12,homogeneous,ENTP,done,true,,0.7,v2,v1,v1,ollama,gemma3:4b,3,all_pass,9,11,0,817,8,0,7,p1,1,werewolf,,village,1,0.875,0.0,1,1.0,,2.0,0.0,208.769,208.744,52,,1.0,0.55,0.4306,7
e-20260830-010837,e-20260830-010837-t009,e-20260830-010837-t009-c13,13,homogeneous,ESTJ,done,true,,0.7,v2,v1,v1,ollama,gemma3:4b,3,all_pass,5,18,0,412,8,0,7,p1,1,werewolf,,village,1,0.875,0.306099,1,1.0,,2.0,0.2,214.397,214.366,63,,1.0,0.7826,0.575,4
e-20260830-010837,e-20260830-010837-t009,e-20260830-010837-t009-c14,14,homogeneous,ESFJ,done,true,,0.7,v2,v1,v1,ollama,gemma3:4b,3,all_pass,14,4,0,1401,8,0,6,p1,1,werewolf,,village,1,0.75,0.216674,,1.0,,2.0,0.4,234.863,234.825,56,,1.0,0.2222,0.1071,4
e-20260830-010837,e-20260830-010837-t009,e-20260830-010837-t009-c15,15,homogeneous,ENFJ,done,true,,0.7,v2,v1,v1,ollama,gemma3:4b,6,max_rounds,13,30,1,1370,8,0,7,p2,1,thief,,werewolf,0,0.875,0.0,1,0.0,,2.375,0.0,610.675,610.63,82,,0.0,0.6977,0.4712,7
e-20260830-010837,e-20260830-010837-t009,e-20260830-010837-t009-c16,16,homogeneous,ENTJ,done,true,,0.7,v2,v1,v1,ollama,gemma3:4b,3,all_pass,8,12,0,871,8,0,7,p4,1,werewolf,,village,1,0.875,0.333333,,0.0,,2.6,1.0,175.239,175.208,61,,1.0,0.6,0.5,5
e-20260830-010837,e-20260830-010837-t010,e-20260830-010837-t010-c00,0,mixed,,done,true,,0.7,v2,v1,v1,ollama,gemma3:4b,4,all_pass,16,8,0,1283,8,0,7,p5,1,villager,,werewolf,0,0.875,0.0,1,,,2.1429,0.0,320.327,320.295,62,,0.0,0.3333,0.0,7
e-20260830-010837,e-20260830-010837-t010,e-20260830-010837-t010-c01,1,homogeneous,ISTJ,done,true,,0.7,v2,v1,v1,ollama,gemma3:4b,6,max_rounds,17,24,2,1397,8,0,5,p2,1,seer,,werewolf,0,0.625,0.0,,,,0.6667,0.3333,701.9,701.857,93,,0.0,0.5854,0.3603,3
e-20260830-010837,e-20260830-010837-t010,e-20260830-010837-t010-c02,2,homogeneous,ISFJ,done,true,,0.7,v2,v1,v1,ollama,gemma3:4b,3,all_pass,6,15,0,453,8,0,5,p8,1,thief,,werewolf,0,0.625,0.0,,,,0.5,1.0,303.942,303.897,59,,0.0,0.7143,0.625,4
e-20260830-010837,e-20260830-010837-t010,e-20260830-010837-t010-c03,3,homogeneous,INFJ,done,true,,0.7,v2,v1,v1,ollama,gemma3:4b,2,all_pass,3,13,0,244,8,0,4,p2|p8,2,seer|thief,,werewolf,0,0.5,0.0,,,,1.1429,0.5714,259.575,259.548,50,,0.0,0.8125,0.625,7
e-20260830-010837,e-20260830-010837-t010,e-20260830-010837-t010-c04,4,homogeneous,INTJ,done,true,,0.7,v2,v1,v1,ollama,gemma3:4b,3,all_pass,6,16,0,637,8,0,6,p3,1,werewolf,,village,1,0.75,0.306099,,,,2.5,0.25,274.882,274.852,53,,1.0,0.7273,0.5833,8
e-20260830-010837,e-20260830-010837-t010,e-20260830-010837-t010-c05,5,homogeneous,ISTP,done,true,,0.7,v2,v1,v1,ollama,gemma3:4b,3,all_pass,7,14,0,430,8,0,7,p1,1,villager,,werewolf,0,0.875,0.0,1,,,1.125,0.0,209.904,209.876,53,,0.0,0.6667,0.5536,8
e-20260830-010837,e-20260830-010837-t010,e-20260830-010837-t010-c06,6,homogeneous,ISFP,done,true,,0.7,v2,v1,v1,ollama,gemma3:4b,6,max_rounds,14,29,0,1330,8,0,7,p8,1,thief,,werewolf,0,0.875,0.0,,,,1.5,0.75,700.676,700.632,89,,0.0,0.6744,0.4643,4
e-20260830-010837,e-20260830-010837-t010,e-20260830-010837-t010-c07,7,homogeneous,INFP,done,true,,0.7,v2,v1,v1,ollama,gemma3:4b,4,all_pass,13,12,1,1444,8,0,7,p5,1,villager,,werewolf,0,0.875,0.0,1,,,2.375,0.125,507.849,507.805,58,,0.0,0.48,0.1827,8
e-20260830-010837,e-20260830-010837-t010,e-20260830-010837-t010-c08,8,homogeneous,INTP,done,true,,0.7,v2,v1,v1,ollama,gemma3:4b,2,all_pass,4,12,0,300,8,0,6,p1,1,villager,,werewolf,0,0.75,0.0,1,,,1.0,0.125,129.669,129.645,45,,0.0,0.75,0.5,8
e-20260830-010837,e-20260830-010837-t010,e-20260830-010837-t010-c09,9,homogeneous,ESTP,done,true,,0.7,v2,v1,v1,ollama,gemma3:4b,3,all_pass,12,8,0,1056,8,0,5,p8,1,thief,,werewolf,0,0.625,0.0,,,,2.0,0.7143,208.025,208.001,53,,0.5,0.4,0.1667,7
e-20260830-010837,e-20260830-010837-t010,e-20260830-010837-t010-c10,10,homogeneous,ESFP,done,true,,0.7,v2,v1,v1,ollama,gemma3:4b,3,all_pass,13,5,0,1480,8,0,7,p5,1,villager,,werewolf,0,0.875,0.0,1,,,2.25,0.125,396.715,396.684,48,,0.0,0.2778,0.1827,8
e-20260830-010837,e-20260830-010837-t010,e-20260830-010837-t010-c11,11,homogeneous,ENFP,done,true,,0.7,v2,v1,v1,ollama,gemma3:4b,6,max_rounds,19,21,2,2177,8,0,6,p8,1,thief,,werewolf,0,0.75,0.216674,,,,2.375,0.875,905.031,904.977,83,,0.1667,0.525,0.2961,8
e-20260830-010837,e-20260830-010837-t010,e-20260830-010837-t010-c12,12,homogeneous,ENTP,done,true,,0.7,v2,v1,v1,ollama,gemma3:4b,5,all_pass,14,20,0,1542,8,0,7,p8,1,thief,,werewolf,0,0.875,0.270426,,,,2.5,1.0,474.851,474.807,70,,0.0,0.5882,0.1071,8
e-20260830-010837,e-20260830-010837-t010,e-20260830-010837-t010-c13,13,homogeneous,ESTJ,done,true,,0.7,v2,v1,v1,ollama,gemma3:4b,4,all_pass,12,18,0,1332,8,0,5,p2,1,seer,,werewolf,0,0.625,0.306099,,,,1.7143,0.8571,443.639,443.603,67,,0.0,0.6,0.2292,7
e-20260830-010837,e-20260830-010837-t010,e-20260830-010837-t010-c14,14,homogeneous,ESFJ,done,true,,0.7,v2,v1,v1,ollama,gemma3:4b,3,all_pass,10,10,0,1086,8,0,7,p2,1,seer,,werewolf,0,0.875,0.0,1,,,2.5714,0.0,224.374,224.337,51,,0.0,0.5,0.35,7
e-20260830-010837,e-20260830-010837-t010,e-20260830-010837-t010-c15,15,homogeneous,ENFJ,done,true,,0.7,v2,v1,v1,ollama,gemma3:4b,3,all_pass,8,10,2,793,8,0,6,p2,1,seer,,werewolf,0,0.75,0.0,,,,1.75,0.625,433.4,433.363,60,,0.1667,0.5556,0.5,8
e-20260830-010837,e-20260830-010837-t010,e-20260830-010837-t010-c16,16,homogeneous,ENTJ,done,true,,0.7,v2,v1,v1,ollama,gemma3:4b,2,all_pass,1,15,0,52,8,0,4,p8,1,thief,,werewolf,0,0.5,0.0,,,,1.125,0.5,107.956,107.933,48,,0.0,0.9375,0.875,8
